{"page":"SchwarmIntelligenz","page_id":"98824326","share_type":"discussion","created":"2012-03-20T11:20:37-07:00","createdBy":"Weisserhase","title":"???","description":"Aus welchem Grund wurde der Link entfernt?","replies":[{"user":"WAJ-K","created":"2012-03-26T00:56:32-07:00","body":"RaWa hat eine sog. MetaSeite zum Thema aufgemacht. Besser verst\u00e4ndlich auch als &quot;Themenportal&quot;. Ein Wiki ist ja f\u00fcr kollektives arbeiten und Denken angelegt, kann und soll also organisch wachsen. Das funktioniert in dem man zu jedem wichtigen Begriff bzw. Thema eine Metaseite aufmacht, auf der dann Wissen, Links, Medien etc. zu diesem Wort\/Thema gesammelt werden. So \u00e4hnlich funktioniert das Wissensammeln im Kopf, vermutet man. :)<br \/>\n<br \/>\nlg"}]}