{"page":"SchiedsGericht","page_id":"96234280","rangeText":"<span class=\"membersnap\">- <a class=\"userLink\" href=\"http:\/\/www.wikispaces.com\/user\/view\/fridemar\" style=\"outline: none;\"><img src=\"http:\/\/www.wikispaces.com\/user\/pic\/fridemar-lg.jpg\" width=\"16\" height=\"16\" alt=\"fridemar\" class=\"userPicture\" \/><\/a> <a class=\"userLink\" href=\"http:\/\/www.wikispaces.com\/user\/view\/fridemar\" style=\"outline: none;\">fridemar<\/a> <small>Mar 20, 2012<\/small><\/span>","share_type":"comment","created":"2012-03-20T12:57:15-07:00","createdBy":"fridemar","title":"Comment: (Vorschlag: vier Tilden eingeben, um ...","description":"(Vorschlag: vier Tilden eingeben, um vom System die Identit\u00e4t einf\u00fcgen zu lassen)","replies":[]}