{"page":"UnPublik","page_id":"92198912","rangeText":"und der Theorie des <a class=\"wiki_link\" href=\"\/TriumviratDerMacht\">TriumviratDerMacht<\/a>","share_type":"comment","created":"2012-02-11T09:08:24-08:00","createdBy":"fridemar","title":"Comment: L\u00f6schantrag: &quot;und der Theorie de...","description":"L\u00f6schantrag: &quot;und der Theorie des TriumviratDerMacht&quot;. Bitte dies zu l\u00f6schen, wegen historisch sehr negativer Vorbesetzung und nicht ersichtlichem Zusammenhang zu den sonstigen humanistisch demokratischen Werten. Auch als Metapher schwer verst\u00e4ndlich. <br \/>\nQuote von <!-- ws:start:WikiTextUrlRule:6:http:\/\/de.wikipedia.org\/wiki\/Triumvirat --><a class=\"wiki_link_ext\" href=\"http:\/\/de.wikipedia.org\/wiki\/Triumvirat\" rel=\"nofollow\">http:\/\/de.wikipedia.org\/wiki\/Triumvirat<\/a><!-- ws:end:WikiTextUrlRule:6 -->:<br \/>\n&quot;<br \/>\nEin <strong>Triumvirat<\/strong> \u2013 abgeleitet von lat. <em>tres viri<\/em> (\u201edrei M\u00e4nner\u201c), die Bezeichnung stammt eigentlich von einem partitiven<a class=\"wiki_link_ext\" href=\"http:\/\/de.wikipedia.org\/wiki\/Genitiv\" rel=\"nofollow\">Genitiv<\/a>, so z. B. <em>Caesar est trium vir(or)um<\/em>,<a class=\"wiki_link_ext\" href=\"http:\/\/de.wikipedia.org\/wiki\/Triumvirat#cite_note-0\" rel=\"nofollow\">[1<\/a>] daher tr<em>ium<\/em>vir \u2013 bezeichnet ein B\u00fcndnis von drei Personen, die gemeinsame Interessen verbinden.<br \/>\n&quot;","replies":[]}