{"page":"OnlineMitgliederVersammlung","page_id":"92230190","rangeText":"Nichtverbale Bestandteile der Kommunikation bleiben dabei auf der Strecke.","share_type":"comment","created":"2012-04-28T03:25:20-07:00","createdBy":"fridemar","title":"Comment: Mittlerweile gibt es kostenlose Video...","description":"Mittlerweile gibt es kostenlose VideoKonferenzAngebote im Web wie z.B. das <br \/>\n<span style=\"font-family: Helvetica;\"><!-- ws:start:WikiTextUrlRule:7:http:\/\/google.com\/search?q=GoogleHangout --><a class=\"wiki_link_ext\" href=\"http:\/\/google.com\/search?q=GoogleHangout\" rel=\"nofollow\">http:\/\/google.com\/search?q=GoogleHangout<\/a><!-- ws:end:WikiTextUrlRule:7 -->,<\/span><br \/>\n<span style=\"font-family: Helvetica;\">zusammen mit GoogleAir <\/span><br \/>\nso dass nun auch die K\u00f6rpersprache in Online Versammlungen integriert werden kann.","replies":[{"user":"fridemar","created":"2012-04-28T03:27:34-07:00","body":"<!-- ws:start:WikiTextUrlRule:0:http:\/\/google.com\/search?q=GoogleAir --><a class=\"wiki_link_ext\" href=\"http:\/\/google.com\/search?q=GoogleAir\" rel=\"nofollow\">http:\/\/google.com\/search?q=GoogleAir<\/a><!-- ws:end:WikiTextUrlRule:0 -->"}]}