{"page":"UnPublik","page_id":"92198912","rangeText":"und der Theorie des <a class=\"wiki_link\" href=\"\/TriumviratDerMacht\">TriumviratDerMacht<\/a>.","share_type":"comment","created":"2012-02-11T09:33:11-08:00","createdBy":"fridemar","title":"Comment: AenderungsAntrag f\u00fcr &quot;und der Th...","description":"AenderungsAntrag f\u00fcr &quot;und der Theorie des TriumviratDerMacht&quot;. Bitte dies zu \u00e4ndern, wegen historisch sehr negativer Vorbesetzung und nicht sofort ersichtlichem Zusammenhang zu den sonstigen humanistisch demokratischen Werten. Auch als Metapher schwer verst\u00e4ndlich. <br \/>\nQuote von<a class=\"wiki_link_ext\" href=\"http:\/\/de.wikipedia.org\/wiki\/Triumvirat\" rel=\"nofollow\">http:\/\/de.wikipedia.org\/wiki\/Triumvirat<\/a>:<br \/>\n&quot;<br \/>\nTriumvirate waren historisch eher Diktaturen von drei M\u00e4nnern.<br \/>\n<br \/>\nEin <strong>Triumvirat<\/strong> \u2013 abgeleitet von lat. <em>tres viri<\/em> (\u201edrei M\u00e4nner\u201c), die Bezeichnung stammt eigentlich von einem partitiven<a class=\"wiki_link_ext\" href=\"http:\/\/de.wikipedia.org\/wiki\/Genitiv\" rel=\"nofollow\">Genitiv<\/a>, so z. B. <em>Caesar est trium vir(or)um<\/em>,<a class=\"wiki_link_ext\" href=\"http:\/\/de.wikipedia.org\/wiki\/Triumvirat#cite_note-0\" rel=\"nofollow\">[1<\/a>] daher tr<em>ium<\/em>vir \u2013 bezeichnet ein B\u00fcndnis von drei Personen, die gemeinsame Interessen verbinden.<br \/>\n&quot;","replies":[{"user":"WAJ-K","created":"2012-02-15T14:40:59-08:00","body":"Wird weiter unten n\u00e4her erl\u00e4utert. :)"}]}