{"page":"TestWikiSyntaxSeite","page_id":"94396914","rangeText":"Links==<br \/>\n<br \/>\n<a class=\"wiki_link\" href=\"\/Sandbox\">Sandbox<\/a>","share_type":"comment","created":"2012-02-11T04:05:03-08:00","createdBy":"fridemar","title":"Comment: Lieber Rainer, nach deinem Vorschlag ...","description":"Lieber Rainer, nach deinem Vorschlag habe ich diese Seite im WikiTextEditor gemacht und kann es nur jedem empfehlen im Etherpad WikiSyntax zu schreiben. Dann erst wird die Idee, das Wiki als <a class=\"wiki_link\" href=\"\/WikiExoSkelett\">WikiExoSkelett<\/a> zu nutzen, in ihrer vollen Tragweite erkenn- und nutzbar.<br \/>\nNat\u00fcrlich w\u00e4re ein CamelCase taugliches Wiki (mit RecentChanges, Autolinks, WikiMarkup) als ExoSkelett noch n\u00fctzlicher. <!-- ws:start:WikiTextUserlinkRule:1:[[user:fridemar|1328961903]] --><span class=\"membersnap\">- <a class=\"userLink\" href=\"http:\/\/www.wikispaces.com\/user\/view\/fridemar\" style=\"outline: none;\"><img src=\"http:\/\/www.wikispaces.com\/user\/pic\/fridemar-lg.jpg\" width=\"16\" height=\"16\" alt=\"fridemar\" class=\"userPicture\" \/><\/a> <a class=\"userLink\" href=\"http:\/\/www.wikispaces.com\/user\/view\/fridemar\" style=\"outline: none;\">fridemar<\/a> <small>Feb 11, 2012<\/small><\/span><!-- ws:end:WikiTextUserlinkRule:1 -->","replies":[]}