{"page":"UnPartei","page_id":"92153984","share_type":"discussion","created":"2012-06-17T11:00:33-07:00","createdBy":"WAJ-K","title":"EtherPadAblage","description":"&lt;div&gt;&lt;a href=&quot;<!-- ws:start:WikiTextUrlRule:1:http:\/\/sync.in\/UnPartei --><a class=\"wiki_link_ext\" href=\"http:\/\/sync.in\/UnPartei\" rel=\"nofollow\">http:\/\/sync.in\/UnPartei<\/a><!-- ws:end:WikiTextUrlRule:1 -->&quot; target=&quot;internal&quot; rel=&quot;nofollow&quot;&gt;EtherPad|&lt;\/a&gt;&lt;\/div&gt;<br \/>\n&lt;iframe src=&quot;<!-- ws:start:WikiTextUrlRule:2:http:\/\/sync.in\/UnPartei --><a class=\"wiki_link_ext\" href=\"http:\/\/sync.in\/UnPartei\" rel=\"nofollow\">http:\/\/sync.in\/UnPartei<\/a><!-- ws:end:WikiTextUrlRule:2 -->&quot; style=&quot;width: 95%; height: 870px&quot; name=&quot;internal&quot; id=&quot;internal&quot;&gt;&lt;\/iframe&gt;","replies":[]}