{"page":"space.template.SyncIn","page_id":"93648684","share_type":"discussion","created":"2012-02-04T18:13:56-08:00","createdBy":"fridemar","title":"Kommentar","description":"SyncIn is a template in WikiSpaces that created this page <!-- ws:start:WikiTextVariableComponentRule:1:[[http:\/\/unpartei.wikispaces\/{$page}]] --><a class=\"wiki_link_ext\" href=\"http:\/\/unpartei.wikispaces\/space.template.SyncIn\" rel=\"nofollow\">http:\/\/unpartei.wikispaces\/space.template.SyncIn<\/a><!-- ws:end:WikiTextVariableComponentRule:1 --> together with<br \/>\n<!-- ws:start:WikiTextVariableComponentRule:3:[[http:\/\/sync.in\/{$page}]] --><a class=\"wiki_link_ext\" href=\"http:\/\/sync.in\/space.template.SyncIn\" rel=\"nofollow\">http:\/\/sync.in\/space.template.SyncIn<\/a><!-- ws:end:WikiTextVariableComponentRule:3 --> created as an Iframe at the bottom of <!-- ws:start:WikiTextVariableRule:6:{$page} -->space.template.SyncIn<!-- ws:end:WikiTextVariableRule:6 -->.<br \/>\n-- <!-- ws:start:WikiTextVariableRule:7:{$creator} -->fridemar<!-- ws:end:WikiTextVariableRule:7 --> date: <!-- ws:start:WikiTextVariableRule:8:{$creationdate} -->Feb 4, 2012 5:33 pm<!-- ws:end:WikiTextVariableRule:8 -->, , ..., cocreators <!-- ws:start:WikiTextVariableRule:9:{$revisiondate} -->May 14, 2012 6:01 am<!-- ws:end:WikiTextVariableRule:9 -->","replies":[{"user":"fridemar","created":"2012-02-04T18:20:21-08:00","body":"    re: Kommentar<br \/>\nfridemar just now<br \/>\nDieser Kommentar wurde automatisch erzeugt und macht erst Sinn bei denjenigen WikiSeiten, die mit dieser Schablone erzeugt werden.<br \/>\n<br \/>\nBitte immer die EndeTaste dr\u00fccken, damit der entsprechende iFrame von sync.in am Ende der WikiSeite, unterhalb der blauen Fussleiste sichtbar wird.<br \/>\n<br \/>\nDie meisten hier haben vermutlich schon mit Etherpad gearbeitet und werden diesen Komfort zu sch\u00e4tzen wissen. (I hope)."}]}