{"page":"UnPartei","page_id":"92153984","share_type":"discussion","created":"2012-02-20T16:28:34-08:00","createdBy":"WAJ-K","title":"NutzerFreundlichkeit","description":"Wir sollten uns bei der Gestaltung der KonzeptSeite zuerstmal an den W-Fragen orientieren!<br \/>\n<br \/>\nwer<br \/>\nwas<br \/>\nwann<br \/>\nwo<br \/>\nwarum<br \/>\nwie<br \/>\nwozu","replies":[{"user":"fridemar","created":"2012-02-20T16:43:16-08:00","body":"Erfahrungen mit dem bisherigen <a class=\"wiki_link\" href=\"\/WikiEditor\">WikiEditor<\/a> zeigen eine Menge Schwachpunkte auf der Systemebene.<br \/>\nDas wird besonders beim Editieren gr\u00f6\u00dferer Seiten deutlich (<a class=\"wiki_link\" href=\"\/LeerzeichenFresser\">LeerzeichenFresser<\/a>, <a class=\"wiki_link\" href=\"\/WegrutschenderCursor\">WegrutschenderCursor<\/a>, <a class=\"wiki_link\" href=\"\/SelbstzerstoerendesInhaltsverzeichnis\">SelbstzerstoerendesInhaltsverzeichnis<\/a>, um nur einige zu nennen.<br \/>\nAls Workaround bietet sich gegenw\u00e4rtig aus meiner Sicht nur an, den <a class=\"wiki_link\" href=\"\/WikiTextEditor\">WikiTextEditor<\/a> zu nutzen.<br \/>\nSolange die unterste Systemebene aus der Sicht des Nutzer noch nicht stabil ist, kann an die h\u00f6heren Formen der NutzerFreundlichkeit vorerst nur ein sehns\u00fcchtiger Blick gerichtet werden. :-) <br \/>\nWie auch von Rainer hingewiesen, empfehle ich vorerst nur die Nutzung des <a class=\"wiki_link\" href=\"\/WikiTextEditor\">WikiTextEditor<\/a>s."}]}