{"page":"space.template.wwg","page_id":"93486328","share_type":"discussion","created":"2012-02-02T17:03:18-08:00","createdBy":"fridemar","title":"Template","description":"Dies ist ein Template, d.h. eine Schablone, mit der mit wenig Aufwand WikiSeiten erzeugt werden k\u00f6nnen.<br \/>\n<br \/>\nIn diesem Fall wird ein clone der Seite WikiWidget erzeugt. Ein Click auf einen Link, der auf die Seite  <a class=\"wiki_link\" href=\"\/space.template.wwg\">space.template.wwg<\/a>  f\u00fchrt reicht aus, um gleich in den Edit Mode einer mit einem sync.in Widget vorbesetzten Seite zu gelangen.","replies":[]}