{"page":"TestList","page_id":"95484970","share_type":"discussion","created":"2012-02-21T18:43:04-08:00","createdBy":"fridemar","title":"TestBeitrag1","description":"F: Dies ist TestBeitrag1, um zu testen, wie leicht es ist, eine neue Liste ohne das ListWidget zu erzeugen.<br \/>\nJ: Wie hast du das gemacht?<br \/>\nF: Ich habe in der Browser-Adresszeile einfach nur das folgende eingegeben: <!-- ws:start:WikiTextUrlRule:3:http:\/\/unpartei.wikispaces.com\/message\/list\/TestList --><a class=\"wiki_link_ext\" href=\"http:\/\/unpartei.wikispaces.com\/message\/list\/TestList\" rel=\"nofollow\">http:\/\/unpartei.wikispaces.com\/message\/list\/TestList<\/a><!-- ws:end:WikiTextUrlRule:3 --> ...<br \/>\nJ: Und damit hast du eine Liste erzeugt, die wie ein Forum arbeitet.","replies":[]}