{"page":"WikiOs","page_id":"115299510","share_type":"discussion","created":"2012-06-18T16:22:56-07:00","createdBy":"WAJ-K","title":"UnSchoen","description":"Irgendwie macht das tool mit den autolinks die aesthetik der seite kaputt. immerhin geht es hier auch um eine representative aufgabe!<br \/>\n<br \/>\nalso um etwas zu erkl\u00e4ren ist das autolink tool ungeeignet. wenn man etwas geschrieben hat und jemand geht damit dr\u00fcber, dann ist irgendwie oft gef\u00fchlt alle gestaltungsm\u00fche hin. :(","replies":[]}