{"page":"WikiSpaces","page_id":"94370664","share_type":"discussion","created":"2012-02-11T02:45:08-08:00","createdBy":"fridemar","title":"WysigOderWikiTextEditor","description":"WysigOderWikiTextEditor<br \/>\nLieber Rainer,<br \/>\nstimme dir zu: eine Einstellung auf den WikiTextEditor hat Vorteile, wenn wir mehr aktive WikiSeiten bearbeiten wollen.<br \/>\nDer Html-Editor ist wirklich &quot;h\u00e4\u00dflich&quot; und hat softwaretechnisch echte Bugs.<br \/>\n<br \/>\nDas haben Alex und ich gesehen, als wir <a class=\"wiki_link\" href=\"\/UnparteiEvSatzung\">UnparteiEvSatzung<\/a> aus einer RT-Kopie einer entsprechenden syncin Seite bearbeiten wollten.<br \/>\n<br \/>\nDaraus k\u00f6nnen wir schliessen, dass die Bearbeitung von \u00e4hnlichen Kopien aus dem CcBySa Bereich des Webs \u00e4hnliche, kaum zu \u00fcberwindende Hindernisse darstellt.<br \/>\n<br \/>\n<!-- ws:start:WikiTextUserlinkRule:9:[[user:fridemar|1328957108]] --><span class=\"membersnap\">- <a class=\"userLink\" href=\"http:\/\/www.wikispaces.com\/user\/view\/fridemar\" style=\"outline: none;\"><img src=\"http:\/\/www.wikispaces.com\/user\/pic\/fridemar-lg.jpg\" width=\"16\" height=\"16\" alt=\"fridemar\" class=\"userPicture\" \/><\/a> <a class=\"userLink\" href=\"http:\/\/www.wikispaces.com\/user\/view\/fridemar\" style=\"outline: none;\">fridemar<\/a> <small>Feb 11, 2012<\/small><\/span><!-- ws:end:WikiTextUserlinkRule:9 -->","replies":[]}